Customer ID,Name,,,,,
C001,Turner Vance,,,,,
C002,Patience Mcclure,,,,,
C003,Brynn Rodriguez,,,,,
C004,Muhammad Foley,,,,,
C005,Connor Navarro,,,,,
C006,Kayley Compton,,,,,
C007,Jordyn Hawkins,,,,,
C008,Emelia Vaughan,,,,,
C009,Malaki Cross,,,,,
C010,Riya Frye,,,,,
C011,Yadiel Bentley,,,,,
C012,Janelle Owen,,,,,
C013,Cassie Brooks,,,,,
C014,Gunnar Estes,,,,,
C015,Nathen Hunter,,,,,
C016,Adyson Wright,,,,,
C017,Jewel Morton,,,,,
C018,Ayla Spears,,,,,
C019,Addyson Bailey,,,,,
C020,Nola Frey,,,,,
C021,Will Jefferson,,,,,
C022,Cristian Pittman,,,,,
C023,Izayah Petty,,,,,
C024,Eric Bass,,,,,
C025,Izaiah Walter,,,,,
C026,Brian Pruitt,,,,,
C027,Mekhi Valencia,,,,,
C028,Landin Bush,,,,,
C029,Clinton Marsh,,,,,
C030,Franklin Cantu,,,,,
C031,Payton Watson,,,,,
C032,Abril Prince,,,,,
C033,Rebecca Vaughan,,,,,
C034,Nia Harvey,,,,,
C035,Maximilian Meyers,,,,,
C036,Tyrone Mckenzie,,,,,
C037,Todd Wyatt,,,,,
C038,Edgar Briggs,,,,,
C039,Chace Galvan,,,,,
C040,Jamari Barry,,,,,
C041,Donna Crane,,,,,
C042,Meghan Kerr,,,,,
C043,Jacqueline Krause,,,,,
C044,Mohammed Cortez,,,,,
C045,Joanna Salas,,,,,
C046,Nick Espinoza,,,,,
C047,Vaughn Collins,,,,,
C048,Talan Daniel,,,,,
C049,Deacon Rosales,,,,,
C050,Madelyn Morrison,,,,,
C051,Jillian Robbins,,,,,
C052,Athena Schaefer,,,,,
C053,Hassan Norris,,,,,
C054,Zariah Clay,,,,,
C055,Nathaniel Webster,,,,,
C056,Darius Monroe,,,,,
C057,Aldo Patton,,,,,
C058,Humberto Higgins,,,,,
C059,Uriel Holland,,,,,
C060,Alexis Salazar,,,,,
C061,Maximillian Booth,,,,,
C062,Lindsey Melendez,,,,,
C063,Kennedy Lam,,,,,
C064,Rayan Spence,,,,,
C065,Victoria Briggs,,,,,
C066,Norah Levine,,,,,
C067,Celeste Becker,,,,,
C068,Arely Patrick,,,,,
C069,Leonardo Knapp,,,,,
C070,Ivy Shaffer,,,,,
C071,Mercedes Frye,,,,,
C072,Carolyn Chen,,,,,
C073,Luciana Perkins,,,,,
C074,Reece Mejia,,,,,
C075,Giancarlo Calderon,,,,,
C076,Dayami Hodge,,,,,
C077,Haiden Avila,,,,,
C078,Monique Hatfield,,,,,
C079,Edgar Hamilton,,,,,
C080,Jenna Bates,,,,,
C081,Willie Ross,,,,,
C082,Juliana Russo,,,,,
C083,Kayden Schneider,,,,,